code,name,close,차트점수,5일변화율(%),20일변화율(%),거래대금(원),20일선위,60일선위,거래량증가,고점근접,양봉마감,상단압박,scan_tag,candidate_source,scan_priority,entry1,entry2,stop_calc,target1,target2,risk,rr,entry_gap_pct,entry_status,entry_comment,status_order
660,SK하이닉스,1056000,8,10.58,18.92,4110289920000,1,1,0,1,1,0,5.1_swing,all_fallback,3,1043328.0,1029600.0,998712.0,1119360.0,1182720.0,44616.0,1.7,1.2,WATCH,관찰 필요,1
6260,LS,282000,8,11.68,12.57,39669786000,1,1,0,1,1,0,5.1_swing,all_fallback,3,278616.0,274950.0,266701.5,298920.0,315840.0,11914.5,1.7,1.2,WATCH,관찰 필요,1
290550,디케이티,18890,8,-0.21,64.55,8748223460,1,1,0,1,1,0,5.1_swing,all_fallback,3,18663.32,18417.75,17865.22,20023.4,21156.8,798.1,1.7,1.2,WATCH,관찰 필요,1
271560,오리온,134000,7,3.88,-3.32,11822016000,1,1,0,1,1,0,5.1_swing,all_fallback,3,132392.0,130650.0,126730.5,142040.0,150080.0,5661.5,1.7,1.2,WATCH,관찰 필요,1
102710,이엔에프테크놀로지,59300,7,1.72,-1.17,7703010700,1,1,0,1,1,0,5.1_swing,all_fallback,3,58588.4,57817.5,56082.97,62858.0,66416.0,2505.43,1.7,1.2,WATCH,관찰 필요,1
42700,한미반도체,311000,7,-0.48,48.45,286277055000,1,1,0,0,1,0,5.1_swing,all_fallback,3,304158.0,298560.0,289603.2,328105.0,342100.0,14554.8,1.65,2.2,WATCH,관찰 필요,1
88350,한화생명,5250,7,2.94,16.8,158239179000,1,1,0,0,1,0,5.1_swing,all_fallback,3,5134.5,5040.0,4888.8,5538.75,5775.0,245.7,1.65,2.2,WATCH,관찰 필요,1
272210,한화시스템,139800,7,-5.35,32.14,155112993000,1,1,0,0,1,0,5.1_swing,all_fallback,3,136724.4,134208.0,130181.76,147489.0,153780.0,6542.64,1.65,2.2,WATCH,관찰 필요,1
250,삼천당제약,784000,7,1.29,50.48,128855888000,1,1,0,0,1,0,5.1_swing,all_fallback,3,766752.0,752640.0,730060.8,827120.0,862400.0,36691.2,1.65,2.2,WATCH,관찰 필요,1
58470,리노공업,116600,7,2.55,18.86,86018968200,1,1,0,0,1,0,5.1_swing,all_fallback,3,114034.8,111936.0,108577.92,123013.0,128260.0,5456.88,1.65,2.2,WATCH,관찰 필요,1
38500,삼표시멘트,17750,7,-2.15,27.15,65134512500,1,1,0,0,1,0,5.1_swing,all_fallback,3,17359.5,17040.0,16528.8,18726.25,19525.0,830.7,1.65,2.2,WATCH,관찰 필요,1
36930,주성엔지니어링,62900,7,-6.12,27.07,50901510500,1,1,0,0,1,0,5.1_swing,all_fallback,3,61516.2,60384.0,58572.48,66359.5,69190.0,2943.72,1.65,2.2,WATCH,관찰 필요,1
253590,네오셈,19880,7,0.76,22.72,36916225640,1,1,0,0,1,0,5.1_swing,all_fallback,3,19442.64,19084.8,18512.26,20973.4,21868.0,930.38,1.65,2.2,WATCH,관찰 필요,1
84370,유진테크,129300,7,4.11,27.77,34219891500,1,1,0,0,1,0,5.1_swing,all_fallback,3,126455.4,124128.0,120404.16,136411.5,142230.0,6051.24,1.65,2.2,WATCH,관찰 필요,1
5940,NH투자증권,34200,7,2.7,17.32,33383475000,1,1,0,0,1,0,5.1_swing,all_fallback,3,33447.6,32832.0,31847.04,36081.0,37620.0,1600.56,1.65,2.2,WATCH,관찰 필요,1
31980,피에스케이홀딩스,108200,7,3.64,46.02,21307501400,1,1,0,0,1,0,5.1_swing,all_fallback,3,105819.6,103872.0,100755.84,114151.0,119020.0,5063.76,1.65,2.2,WATCH,관찰 필요,1
425420,티에프이,57600,7,-3.19,26.87,12716409600,1,1,0,0,1,0,5.1_swing,all_fallback,3,56332.8,55296.0,53637.12,60768.0,63360.0,2695.68,1.65,2.2,WATCH,관찰 필요,1
126340,비나텍,135600,7,-8.07,17.5,10820337600,1,1,0,0,1,0,5.1_swing,all_fallback,3,132616.8,130176.0,126270.72,143058.0,149160.0,6346.08,1.65,2.2,WATCH,관찰 필요,1
56090,시지메드텍,2880,7,-14.03,52.38,10516043520,1,1,0,0,1,0,5.1_swing,all_fallback,3,2816.64,2764.8,2681.86,3038.4,3168.0,134.78,1.65,2.2,WATCH,관찰 필요,1
389020,자람테크놀로지,55500,7,-4.8,27.0,8283375000,1,1,0,0,1,0,5.1_swing,all_fallback,3,54279.0,53280.0,51681.6,58552.5,61050.0,2597.4,1.65,2.2,WATCH,관찰 필요,1
65450,빅텍,5040,7,-0.4,27.11,8212428000,1,1,0,0,1,0,5.1_swing,all_fallback,3,4929.12,4838.4,4693.25,5317.2,5544.0,235.87,1.65,2.2,WATCH,관찰 필요,1
48530,인트론바이오,4870,7,4.06,28.16,6267724090,1,1,0,0,1,0,5.1_swing,all_fallback,3,4762.86,4675.2,4534.94,5137.85,5357.0,227.92,1.65,2.2,WATCH,관찰 필요,1
82640,동양생명,8650,7,4.34,18.01,6082532950,1,1,0,0,1,0,5.1_swing,all_fallback,3,8459.7,8304.0,8054.88,9125.75,9515.0,404.82,1.65,2.2,WATCH,관찰 필요,1
5930,삼성전자,208500,7,9.74,16.74,5192682700500,1,1,0,0,1,0,5.1_swing,all_fallback,3,203287.5,199117.5,193143.98,219967.5,229350.0,10143.52,1.64,2.5,WATCH,관찰 필요,1
489790,한화비전,83900,7,7.7,36.64,119972301600,1,1,0,0,1,0,5.1_swing,all_fallback,3,81802.5,80124.5,77720.76,88514.5,92290.0,4081.74,1.64,2.5,WATCH,관찰 필요,1
150,두산,1189000,7,7.99,22.2,95114055000,1,1,0,0,1,0,5.1_swing,all_fallback,3,1159275.0,1135495.0,1101430.15,1254395.0,1307900.0,57844.85,1.64,2.5,WATCH,관찰 필요,1
48410,현대바이오,16670,7,10.91,44.58,78314693140,1,1,0,0,1,0,5.1_swing,all_fallback,3,16253.25,15919.85,15442.25,17586.85,18337.0,811.0,1.64,2.5,WATCH,관찰 필요,1
1200,유진투자증권,5140,7,5.22,16.16,8656017000,1,1,0,0,1,0,5.1_swing,all_fallback,3,5011.5,4908.7,4761.44,5422.7,5654.0,250.06,1.64,2.5,WATCH,관찰 필요,1
200470,에이팩트,8350,8,8.02,12.23,14859801950,1,1,1,0,1,0,5.1_swing,all_fallback,3,8141.25,7974.25,7735.02,8725.75,9101.5,406.23,1.44,2.5,WATCH,관찰 필요,1
307930,컴퍼니케이,7680,8,8.47,4.07,13817894400,1,1,1,0,1,0,5.1_swing,all_fallback,3,7488.0,7334.4,7114.37,8025.6,8371.2,373.63,1.44,2.5,WATCH,관찰 필요,1
402340,SK스퀘어,630000,7,11.5,10.53,352264500000,1,1,0,0,1,0,5.1_swing,all_fallback,3,614250.0,601650.0,583600.5,658350.0,686700.0,30649.5,1.44,2.5,WATCH,관찰 필요,1
270,기아,175100,7,8.09,5.29,207799749900,1,1,0,0,1,0,5.1_swing,all_fallback,3,170722.5,167220.5,162203.89,182979.5,190859.0,8518.61,1.44,2.5,WATCH,관찰 필요,1
298040,효성중공업,2731000,7,7.82,13.56,138396156000,1,1,0,0,1,0,5.1_swing,all_fallback,3,2662725.0,2608105.0,2529861.85,2853895.0,2976790.0,132863.15,1.44,2.5,WATCH,관찰 필요,1
67310,하나마이크론,34050,7,5.75,-2.16,94378257750,1,1,1,0,1,0,5.1_swing,all_fallback,3,33198.75,32517.75,31542.22,35582.25,37114.5,1656.53,1.44,2.5,WATCH,관찰 필요,1
11170,롯데케미칼,82000,7,7.75,0.0,60057784000,1,1,1,0,1,0,5.1_swing,all_fallback,3,79950.0,78310.0,75960.7,85690.0,89380.0,3989.3,1.44,2.5,WATCH,관찰 필요,1
62040,산일전기,154900,7,7.27,1.51,55141611800,1,1,1,0,1,0,5.1_swing,all_fallback,3,151027.5,147929.5,143491.61,161870.5,168841.0,7535.89,1.44,2.5,WATCH,관찰 필요,1
475830,오름테라퓨틱,129600,7,8.09,10.02,39018412800,1,1,0,0,1,0,5.1_swing,all_fallback,3,126360.0,123768.0,120054.96,135432.0,141264.0,6305.04,1.44,2.5,WATCH,관찰 필요,1
5387,현대차2우B,279500,7,6.07,6.07,34688186000,1,1,0,0,1,0,5.1_swing,all_fallback,3,272512.5,266922.5,258914.82,292077.5,304655.0,13597.68,1.44,2.5,WATCH,관찰 필요,1
11780,금호석유화학,136300,7,8.78,-7.28,34083450600,1,1,1,0,1,0,5.1_swing,all_fallback,3,132892.5,130166.5,126261.5,142433.5,148567.0,6631.0,1.44,2.5,WATCH,관찰 필요,1
298020,효성티앤씨,394500,7,9.58,-1.99,32276412000,1,1,1,0,1,0,5.1_swing,all_fallback,3,384637.5,376747.5,365445.08,412252.5,430005.0,19192.42,1.44,2.5,WATCH,관찰 필요,1
36570,엔씨소프트,230000,7,9.52,6.73,19176250000,1,1,0,0,1,0,5.1_swing,all_fallback,3,224250.0,219650.0,213060.5,240350.0,250700.0,11189.5,1.44,2.5,WATCH,관찰 필요,1
64760,티씨케이,236000,7,7.27,6.79,14584092000,1,1,0,0,1,0,5.1_swing,all_fallback,3,230100.0,225380.0,218618.6,246620.0,257240.0,11481.4,1.44,2.5,WATCH,관찰 필요,1
92870,엑시콘,31850,7,5.46,13.55,12841091900,1,1,0,0,1,0,5.1_swing,all_fallback,3,31053.75,30416.75,29504.25,33283.25,34716.5,1549.5,1.44,2.5,WATCH,관찰 필요,1
51600,한전KPS,60300,7,7.3,4.33,11025493200,1,1,0,0,1,0,5.1_swing,all_fallback,3,58792.5,57586.5,55858.9,63013.5,65727.0,2933.6,1.44,2.5,WATCH,관찰 필요,1
11700,한신기계,5150,7,10.4,11.23,9219828700,1,1,0,0,1,0,5.1_swing,all_fallback,3,5021.25,4918.25,4770.7,5381.75,5613.5,250.55,1.44,2.5,WATCH,관찰 필요,1
309710,아이티켐,37400,7,11.31,12.31,9004349200,1,1,0,0,1,0,5.1_swing,all_fallback,3,36465.0,35717.0,34645.49,39083.0,40766.0,1819.51,1.44,2.5,WATCH,관찰 필요,1
83450,GST,30950,7,5.09,6.17,8430253850,1,1,0,0,1,0,5.1_swing,all_fallback,3,30176.25,29557.25,28670.53,32342.75,33735.5,1505.72,1.44,2.5,WATCH,관찰 필요,1
457550,우진엔텍,28800,7,8.68,5.11,7536268800,1,1,0,0,1,0,5.1_swing,all_fallback,3,28080.0,27504.0,26678.88,30096.0,31392.0,1401.12,1.44,2.5,WATCH,관찰 필요,1
1740,SK네트웍스,5600,7,5.46,8.32,6055884800,1,1,0,0,1,0,5.1_swing,all_fallback,3,5460.0,5348.0,5187.56,5852.0,6104.0,272.44,1.44,2.5,WATCH,관찰 필요,1
5380,현대차,545000,7,2.83,7.71,506667970000,1,1,0,0,1,0,5.1_swing,all_fallback,3,536825.0,528650.0,512790.5,569525.0,594050.0,24034.5,1.36,1.5,WATCH,관찰 필요,1
6400,삼성SDI,405000,7,1.25,5.06,155690505000,1,1,0,0,1,0,5.1_swing,all_fallback,3,398925.0,392850.0,381064.5,423225.0,441450.0,17860.5,1.36,1.5,WATCH,관찰 필요,1
32830,삼성생명,235000,7,3.75,14.63,127085650000,1,1,0,0,1,0,5.1_swing,all_fallback,3,231475.0,227950.0,221111.5,245575.0,256150.0,10363.5,1.36,1.5,WATCH,관찰 필요,1
17670,SK텔레콤,81200,7,4.24,4.1,65498274800,1,1,0,0,1,0,5.1_swing,all_fallback,3,79982.0,78764.0,76401.08,84854.0,88508.0,3580.92,1.36,1.5,WATCH,관찰 필요,1
39490,키움증권,469000,7,4.22,3.65,50925896000,1,1,0,0,1,0,5.1_swing,all_fallback,3,461965.0,454930.0,441282.1,490105.0,511210.0,20682.9,1.36,1.5,WATCH,관찰 필요,1
16360,삼성증권,101500,7,3.78,4.53,48775013000,1,1,0,0,1,0,5.1_swing,all_fallback,3,99977.5,98455.0,95501.35,106067.5,110635.0,4476.15,1.36,1.5,WATCH,관찰 필요,1
39030,이오테크닉스,410500,7,3.01,8.45,40423166500,1,1,0,0,1,0,5.1_swing,all_fallback,3,404342.5,398185.0,386239.45,428972.5,447445.0,18103.05,1.36,1.5,WATCH,관찰 필요,1
11070,LG이노텍,268500,7,2.87,5.92,37948447500,1,1,0,0,1,0,5.1_swing,all_fallback,3,264472.5,260445.0,252631.65,280582.5,292665.0,11840.85,1.36,1.5,WATCH,관찰 필요,1
99320,쎄트렉아이,193200,7,1.31,8.05,28460678400,1,1,0,0,1,0,5.1_swing,all_fallback,3,190302.0,187404.0,181781.88,201894.0,210588.0,8520.12,1.36,1.5,WATCH,관찰 필요,1
5385,현대차우,279500,7,4.68,6.68,27671897500,1,1,0,0,1,0,5.1_swing,all_fallback,3,275307.5,271115.0,262981.55,292077.5,304655.0,12325.95,1.36,1.5,WATCH,관찰 필요,1
105840,우진,27150,7,-0.55,9.04,26696839350,1,1,0,0,1,0,5.1_swing,all_fallback,3,26742.75,26335.5,25545.43,28371.75,29593.5,1197.32,1.36,1.5,WATCH,관찰 필요,1
103590,일진전기,82300,7,3.0,13.67,23500106600,1,1,0,0,1,0,5.1_swing,all_fallback,3,81065.5,79831.0,77436.07,86003.5,89707.0,3629.43,1.36,1.5,WATCH,관찰 필요,1
9420,한올바이오파마,57400,7,0.0,6.1,19478977000,1,1,0,0,1,0,5.1_swing,all_fallback,3,56539.0,55678.0,54007.66,59983.0,62566.0,2531.34,1.36,1.5,WATCH,관찰 필요,1
357780,솔브레인,440000,7,-0.45,10.69,19135600000,1,1,0,0,1,0,5.1_swing,all_fallback,3,433400.0,426800.0,413996.0,459800.0,479600.0,19404.0,1.36,1.5,WATCH,관찰 필요,1
3380,하림지주,15760,7,-0.76,5.77,18744833680,1,1,0,0,1,0,5.1_swing,all_fallback,3,15523.6,15287.2,14828.58,16469.2,17178.4,695.02,1.36,1.5,WATCH,관찰 필요,1
60280,큐렉소,16350,7,4.61,-6.57,17794309950,1,1,1,0,1,0,5.1_swing,all_fallback,3,16104.75,15859.5,15383.72,17085.75,17821.5,721.03,1.36,1.5,WATCH,관찰 필요,1
237690,에스티팜,155800,7,-1.95,5.48,16390160000,1,1,0,0,1,0,5.1_swing,all_fallback,3,153463.0,151126.0,146592.22,162811.0,169822.0,6870.78,1.36,1.5,WATCH,관찰 필요,1
77360,덕산하이메탈,12720,7,-8.29,13.17,12179857920,1,1,0,0,1,0,5.1_swing,all_fallback,3,12529.2,12338.4,11968.25,13292.4,13864.8,560.95,1.36,1.5,WATCH,관찰 필요,1
5870,휴니드,9030,7,3.79,6.74,5468333220,1,1,0,0,1,0,5.1_swing,all_fallback,3,8894.55,8759.1,8496.33,9436.35,9842.7,398.22,1.36,1.5,WATCH,관찰 필요,1
